Bundesland;Semester;Fachbereich;Anzahl Bachelorarbeiten;Drittmittel;Landesmittel;Anzahl Promotionen;Anzahl Studenten
;;;;;;;
BAW;SS10;FB14;2099;43139;44730;307;2627
BAW;SS10;FB21;2099;43139;44730;307;2627
BAW;SS10;FB13;2099;43139;44730;307;2627
BAY;SS10;FB14;1933;37092;37065;301;2520
BAY;SS10;FB13;1933;37092;37065;301;2520
BER;SS10;FB14;1877;44549;37842;319;3198
BER;SS10;FB21;1877;44549;37842;319;3198
BER;SS10;FB13;1877;44549;37842;319;3198
BRA;SS10;FB14;2294;41208;37375;320;2758
BRA;SS10;FB21;2294;41208;37375;320;2758
BRA;SS10;FB13;2294;41208;37375;320;2758
BRE;SS10;FB14;1900;38194;39620;296;2573
BRE;SS10;FB21;1900;38194;39620;296;2573
BRE;SS10;FB13;1900;38194;39620;296;2573
HAM;SS10;FB14;2027;36091;41848;306;3251
HAM;SS10;FB21;2027;36091;41848;306;3251
HAM;SS10;FB13;2027;36091;41848;306;3251
HES;SS10;FB21;1686;44616;36700;280;2281
HES;SS10;FB13;1686;44616;36700;280;2792
BAW;SS10;FB07;2099;43139;44730;307;2627
BAW;SS10;FB02;2099;43139;44730;307;2627
BAW;SS10;FB14;2099;43139;44730;307;2627
BAY;SS10;FB07;1933;37092;37065;301;2520
BAY;SS10;FB14;1933;37092;37065;301;2520
BER;SS10;FB07;1877;44549;37842;319;3198
BER;SS10;FB02;1877;44549;37842;319;3198
BER;SS10;FB14;1877;44549;37842;319;3198
BRA;SS10;FB07;2294;41208;37375;320;2758
BRA;SS10;FB02;2294;41208;37375;320;2758
BRA;SS10;FB14;2294;41208;37375;320;2758
BRE;SS10;FB07;1900;38194;39620;296;2573
BRE;SS10;FB02;1900;38194;39620;296;2573
BRE;SS10;FB14;1900;38194;39620;296;2573
HAM;SS10;FB07;2027;36091;41848;306;3251
HAM;SS10;FB02;2027;36091;41848;306;3251
HAM;SS10;FB14;2027;36091;41848;306;3251
HES;SS10;FB07;1686;44616;36700;280;2591
HES;SS10;FB02;1686;44616;36700;280;2670
HES;SS10;FB14;1686;44616;36700;280;2342
BAW;SS10;FB03;2099;43139;44730;307;2627
BAW;SS10;FB04;2099;43139;44730;307;2627
BAW;SS10;ZHD;2099;43139;44730;307;2627
BAY;SS10;FB03;1933;37092;37065;301;2520
BER;SS10;FB03;1877;44549;37842;319;3198
BER;SS10;FB04;1877;44549;37842;319;3198
BER;SS10;ZHD;1877;44549;37842;319;3198
BRA;SS10;FB03;2294;41208;37375;320;2758
BRA;SS10;FB04;2294;41208;37375;320;2758
BRA;SS10;ZHD;2294;41208;37375;320;2758
BRE;SS10;FB03;1900;38194;39620;296;2573
BRE;SS10;FB04;1900;38194;39620;296;2573
BRE;SS10;ZHD;1900;38194;39620;296;2573
HAM;SS10;FB03;2027;36091;41848;306;3251
HAM;SS10;FB04;2027;36091;41848;306;3251
HAM;SS10;ZHD;2027;36091;41848;306;3251
HES;SS10;FB03;1686;44616;36700;280;1992
HES;SS10;FB04;1686;44616;36700;280;2488
HES;SS10;ZHD;1686;44616;36700;280;2633
BAW;SS10;FB14;2099;43139;44730;307;2627
BAW;SS10;FB11;2099;43139;44730;307;2627
BAW;SS10;FB12;2099;43139;44730;307;2627
BAY;SS10;FB14;1933;37092;37065;301;2520
BAY;SS10;FB12;1933;37092;37065;301;2520
BER;SS10;FB14;1877;44549;37842;319;3198
BER;SS10;FB11;1877;44549;37842;319;3198
BER;SS10;FB12;1877;44549;37842;319;3198
BRA;SS10;FB14;2294;41208;37375;320;2758
BRA;SS10;FB11;2294;41208;37375;320;2758
BRA;SS10;FB12;2294;41208;37375;320;2758
BRE;SS10;FB14;1900;38194;39620;296;2573
BRE;SS10;FB11;1900;38194;39620;296;2573
BRE;SS10;FB12;1900;38194;39620;296;2573
HAM;SS10;FB14;2027;36091;41848;306;3251
HAM;SS10;FB11;2027;36091;41848;306;3251
HAM;SS10;FB12;2027;36091;41848;306;3251
HES;SS10;FB14;1686;44616;36700;280;2299
HES;SS10;FB11;1686;44616;36700;280;2351
HES;SS10;FB12;1686;44616;36700;280;2473
MVP;SS10;FB14;1995;42270;41705;275;3345
MVP;SS10;FB11;1995;42270;41705;275;3345
MVP;SS10;FB04;2140;42933;37838;280;3376
MVP;SS10;FB12;1892;42372;38313;310;2647
MVP;SS10;FB03;1892;42372;38313;310;2647
MVP;SS10;FB07;1892;42372;38313;310;2647
NDS;SS10;FB14;1796;44849;38824;297;2600
NDS;SS10;FB11;2091;40223;43717;309;3063
NDS;SS10;FB12;2267;41203;40613;281;3112
NDS;SS10;FB03;2267;41203;40613;281;3112
NDS;SS10;FB07;1984;41595;42896;288;2589
NRW;SS10;FB14;1754;41709;41441;302;3095
NRW;SS10;FB02;1754;41709;41441;302;3095
NRW;SS10;FB11;2184;38771;43877;309;2878
NRW;SS10;FB04;2184;38771;43877;309;2878
NRW;SS10;FB12;1986;38621;37892;312;3196
NRW;SS10;FB03;1986;38621;37892;312;3196
NRW;SS10;FB13;2223;39181;38623;312;3194
NRW;SS10;FB14;2223;39181;38623;312;3194
NRW;SS10;FB21;1722;42394;38071;294;2940
NRW;SS10;FB07;1722;42394;38071;294;2940
NRW;SS10;ZHD;1722;42394;38071;294;2940
RPF;SS10;FB14;1923;43131;39139;295;2724
RPF;SS10;FB02;1923;43131;39139;295;2724
RPF;SS10;FB11;1923;43131;39139;295;2724
RPF;SS10;FB04;1735;39723;38693;294;3046
RPF;SS10;FB12;2246;40437;37714;324;3207
RPF;SS10;FB03;2246;40437;37714;324;3207
RPF;SS10;FB13;2246;40437;37714;324;3207
RPF;SS10;FB14;1890;35216;37488;319;3355
RPF;SS10;FB21;1890;35216;37488;319;3355
RPF;SS10;FB07;1890;35216;37488;319;3355
RPF;SS10;ZHD;2106;35472;40300;278;2850
SAA;SS10;FB14;2209;39212;43199;316;3363
SAA;SS10;FB02;2209;39212;43199;316;3363
SAA;SS10;FB11;2180;37172;36738;304;3374
SAA;SS10;FB04;2180;37172;36738;304;3374
SAA;SS10;FB12;2065;39140;37918;276;2977
SAA;SS10;FB03;2065;39140;37918;276;2977
SAA;SS10;FB13;2065;35553;39433;318;2818
SAA;SS10;FB14;2065;35553;39433;318;2818
SAA;SS10;FB21;2065;35553;39433;318;2818
SAA;SS10;FB07;1754;41709;41441;302;3095
SAA;SS10;ZHD;1754;41709;41441;302;3095
SAC;SS10;FB11;1868;37749;38641;318;2765
SAC;SS10;FB04;1926;40880;38518;275;2978
SAC;SS10;FB12;1926;40880;38518;275;2978
SAC;SS10;FB13;1947;43825;36566;305;3097
SAC;SS10;FB14;1947;43825;36566;305;3097
SAC;SS10;FB07;1996;41288;39610;296;3118
SAC;SS10;ZHD;1996;41288;39610;296;3118
SAN;SS10;FB11;1886;41891;40488;277;3213
SAN;SS10;FB04;1886;41891;40488;277;3213
SAN;SS10;FB12;2200;39732;36197;308;2811
SAN;SS10;FB13;2200;39732;36197;308;2811
SAN;SS10;FB07;1659;42909;37003;319;2537
SAN;SS10;ZHD;1930;44884;38787;314;3488
SHL;SS10;FB14;1844;36008;44536;300;2945
SHL;SS10;FB02;1844;36008;44536;300;2945
SHL;SS10;FB11;1977;43364;39436;289;3049
SHL;SS10;FB04;2150;42487;36630;288;2761
SHL;SS10;FB12;2150;42487;36630;288;2761
SHL;SS10;FB03;2004;38979;40684;294;2620
SHL;SS10;FB13;2004;38979;40684;294;2620
SHL;SS10;FB14;2004;38979;40684;294;2620
SHL;SS10;FB21;1881;42361;42953;284;2950
SHL;SS10;FB07;1881;42361;42953;284;2950
SHL;SS10;ZHD;1881;42361;42953;284;2950
THU;SS10;FB14;2228;35563;44015;301;2933
THU;SS10;FB02;2228;35563;44015;301;2933
THU;SS10;FB11;2228;35563;44015;301;2933
THU;SS10;FB04;2325;42910;41496;305;3102
THU;SS10;FB12;2325;42910;41496;305;3102
THU;SS10;FB03;1914;38816;38864;303;2520
THU;SS10;FB13;1914;38816;38864;303;2520
THU;SS10;FB21;2085;35273;35920;284;3348
THU;SS10;FB07;2085;35273;35920;284;3348
THU;SS10;ZHD;2085;35273;35920;284;3348
BAW;SS11;FB14;2017;42846;41453;302;2673
BAW;SS11;FB21;2017;42846;41453;302;2673
BAY;SS11;FB14;2282;42413;35659;302;3279
BAY;SS11;FB13;2282;42413;35659;302;3279
BER;SS11;FB21;2328;43413;35318;276;3356
BER;SS11;FB13;2328;43413;35318;276;3356
BRA;SS11;FB14;1757;43400;44612;306;3005
BRA;SS11;FB21;1757;43400;44612;306;3005
BRE;SS11;FB14;1979;42989;35042;284;2858
BRE;SS11;FB21;1979;42989;35042;284;2858
BRE;SS11;FB13;1979;42989;35042;284;2858
HAM;SS11;FB14;1658;35076;39632;303;2629
HAM;SS11;FB21;1658;35076;39632;303;2629
HAM;SS11;FB13;1658;35076;39632;303;2629
HES;SS11;FB14;1671;37285;39680;318;2648
HES;SS11;FB13;1671;37285;39680;318;2648
BAW;SS11;FB07;2017;42846;41453;302;2673
BAW;SS11;FB02;2017;42846;41453;302;2673
BAY;SS11;FB07;2282;42413;35659;302;3279
BAY;SS11;FB14;2282;42413;35659;302;3279
BER;SS11;FB02;2328;43413;35318;276;3356
BER;SS11;FB14;2328;43413;35318;276;3356
BRA;SS11;FB07;1757;43400;44612;306;3005
BRA;SS11;FB02;1757;43400;44612;306;3005
BRE;SS11;FB07;1979;42989;35042;284;2858
BRE;SS11;FB02;1979;42989;35042;284;2858
BRE;SS11;FB14;1979;42989;35042;284;2858
HAM;SS11;FB07;1658;35076;39632;303;2629
HAM;SS11;FB02;1658;35076;39632;303;2629
HAM;SS11;FB14;1658;35076;39632;303;2629
HES;SS11;FB07;1671;37285;39680;318;2648
HES;SS11;FB14;1671;37285;39680;318;2648
BAW;SS11;FB03;2017;42846;41453;302;2673
BAW;SS11;FB04;2017;42846;41453;302;2673
BAY;SS11;FB03;2282;42413;35659;302;3279
BAY;SS11;ZHD;2282;42413;35659;302;3279
BER;SS11;FB04;2328;43413;35318;276;3356
BER;SS11;ZHD;2328;43413;35318;276;3356
BRA;SS11;FB03;1757;43400;44612;306;3005
BRA;SS11;FB04;1757;43400;44612;306;3005
BRE;SS11;FB03;1979;42989;35042;284;2858
BRE;SS11;FB04;1979;42989;35042;284;2858
BRE;SS11;ZHD;1979;42989;35042;284;2858
HAM;SS11;FB03;1658;35076;39632;303;2629
HAM;SS11;FB04;1658;35076;39632;303;2629
HAM;SS11;ZHD;1658;35076;39632;303;2629
HES;SS11;FB03;1671;37285;39680;318;2648
HES;SS11;ZHD;1671;37285;39680;318;2648
BAW;SS11;FB14;2017;42846;41453;302;2673
BAW;SS11;FB11;2017;42846;41453;302;2673
BAY;SS11;FB14;2282;42413;35659;302;3279
BAY;SS11;FB12;2282;42413;35659;302;3279
BER;SS11;FB11;2328;43413;35318;276;3356
BER;SS11;FB12;2328;43413;35318;276;3356
BRA;SS11;FB14;1757;43400;44612;306;3005
BRA;SS11;FB11;1757;43400;44612;306;3005
BRE;SS11;FB14;1979;42989;35042;284;2858
BRE;SS11;FB11;1979;42989;35042;284;2858
BRE;SS11;FB12;1979;42989;35042;284;2858
HAM;SS11;FB14;1658;35076;39632;303;2629
HAM;SS11;FB11;1658;35076;39632;303;2629
HAM;SS11;FB12;1658;35076;39632;303;2629
HES;SS11;FB14;1671;37285;39680;318;2648
HES;SS11;FB12;1671;37285;39680;318;2648
MVP;SS11;FB07;2137;42154;37858;308;3472
NDS;SS11;FB14;2106;35472;40300;278;2850
NDS;SS11;FB04;1676;35931;36448;275;2938
NDS;SS11;FB07;1796;44849;38824;297;2600
NRW;SS11;FB14;1776;38942;41169;292;3149
NRW;SS11;FB02;2209;39212;43199;316;3363
NRW;SS11;FB11;2209;39212;43199;316;3363
NRW;SS11;FB04;2209;39212;43199;316;3363
NRW;SS11;FB12;2180;37172;36738;304;3374
NRW;SS11;FB13;2065;39140;37918;276;2977
NRW;SS11;FB14;2065;39140;37918;276;2977
NRW;SS11;FB21;2065;35553;39433;318;2818
NRW;SS11;ZHD;2065;35553;39433;318;2818
RPF;SS11;FB14;1926;40880;38518;275;2978
RPF;SS11;FB02;1926;40880;38518;275;2978
RPF;SS11;FB11;1947;43825;36566;305;3097
RPF;SS11;FB04;1947;43825;36566;305;3097
RPF;SS11;FB12;1996;41288;39610;296;3118
RPF;SS11;FB03;1788;41821;37427;280;3475
RPF;SS11;FB13;1788;41821;37427;280;3475
RPF;SS11;FB14;1788;41821;37427;280;3475
RPF;SS11;FB21;2060;44563;37121;318;2608
RPF;SS11;FB07;2060;44563;37121;318;2608
RPF;SS11;ZHD;2060;44563;37121;318;2608
SAA;SS11;FB14;2331;39238;36972;309;3029
SAA;SS11;FB02;2331;39238;36972;309;3029
SAA;SS11;FB12;1879;41085;43455;303;3094
SAA;SS11;FB03;1879;41085;43455;303;3094
SAA;SS11;FB13;1776;38942;41169;292;3149
SAA;SS11;FB21;1776;38942;41169;292;3149
SAA;SS11;FB07;1776;38942;41169;292;3149
SAA;SS11;ZHD;2209;39212;43199;316;3363
SAC;SS11;FB14;1913;39506;41689;282;2721
SAC;SS11;FB02;1913;39506;41689;282;2721
SAC;SS11;FB11;1913;39506;41689;282;2721
SAC;SS11;FB04;1878;42386;35165;313;2844
SAC;SS11;FB14;1868;37749;38641;318;2765
SAC;SS11;FB21;1868;37749;38641;318;2765
SAN;SS11;FB11;2085;35273;35920;284;3348
SAN;SS11;FB04;2085;35273;35920;284;3348
SAN;SS11;FB12;1970;41195;43106;301;3259
SAN;SS11;FB13;2142;38294;35125;324;3147
SAN;SS11;FB14;2142;38294;35125;324;3147
SAN;SS11;FB07;2142;38294;35125;324;3147
SAN;SS11;ZHD;1886;41891;40488;277;3213
SHL;SS11;FB14;1892;42372;38313;310;2647
SHL;SS11;FB02;1666;39281;38738;299;3215
SHL;SS11;FB11;1666;39281;38738;299;3215
SHL;SS11;FB04;1666;39281;38738;299;3215
SHL;SS11;FB12;1729;43473;35798;296;2971
SHL;SS11;FB03;1729;43473;35798;296;2971
SHL;SS11;FB13;1711;37283;44424;301;3390
SHL;SS11;FB14;1711;37283;44424;301;3390
SHL;SS11;FB21;1711;37283;44424;301;3390
SHL;SS11;FB07;2205;44476;39235;289;2934
SHL;SS11;ZHD;2205;44476;39235;289;2934
THU;SS11;FB14;2110;35208;42777;289;3023
THU;SS11;FB02;2110;35208;42777;289;3023
THU;SS11;FB12;2268;38660;35251;292;2933
THU;SS11;FB03;2268;38660;35251;292;2933
THU;SS11;FB13;2020;35709;40499;319;3019
THU;SS11;FB21;2020;35709;40499;319;3019
THU;SS11;FB07;2020;35709;40499;319;3019
THU;SS11;ZHD;2298;39853;38577;297;3034
BAW;SS12;FB13;2213;38262;38309;301;3467
BAY;SS12;FB14;2024;40946;39426;316;2857
BAY;SS12;FB21;2024;40946;39426;316;2857
BAY;SS12;FB13;2024;40946;39426;316;2857
BER;SS12;FB14;2297;43099;36493;300;3044
BER;SS12;FB21;2297;43099;36493;300;3044
BER;SS12;FB13;2297;43099;36493;300;3044
BRA;SS12;FB14;1852;36848;41427;313;2641
BRA;SS12;FB21;1852;36848;41427;313;2641
BRA;SS12;FB13;1852;36848;41427;313;2641
BRE;SS12;FB14;1708;40818;44406;295;2611
BRE;SS12;FB21;1708;40818;44406;295;2611
BRE;SS12;FB13;1708;40818;44406;295;2611
HAM;SS12;FB14;2264;40190;40486;298;2899
HAM;SS12;FB21;2264;40190;40486;298;2899
HAM;SS12;FB13;2264;40190;40486;298;2899
HES;SS12;FB14;2278;35694;39970;277;2670
HES;SS12;FB13;2278;35694;39970;277;2670
BAW;SS12;FB07;2213;38262;38309;301;3467
BAW;SS12;FB14;2213;38262;38309;301;3467
BAY;SS12;FB07;2024;40946;39426;316;2857
BAY;SS12;FB14;2024;40946;39426;316;2857
BER;SS12;FB07;2297;43099;36493;300;3044
BER;SS12;FB02;2297;43099;36493;300;3044
BER;SS12;FB14;2297;43099;36493;300;3044
BRA;SS12;FB07;1852;36848;41427;313;2641
BRA;SS12;FB02;1852;36848;41427;313;2641
BRA;SS12;FB14;1852;36848;41427;313;2641
BRE;SS12;FB07;1708;40818;44406;295;2611
BRE;SS12;FB02;1708;40818;44406;295;2611
BRE;SS12;FB14;1708;40818;44406;295;2611
HAM;SS12;FB07;2264;40190;40486;298;2899
HAM;SS12;FB02;2264;40190;40486;298;2899
HAM;SS12;FB14;2264;40190;40486;298;2899
HES;SS12;FB07;2278;35694;39970;277;2670
HES;SS12;FB14;2278;35694;39970;277;2670
BAW;SS12;FB03;2213;38262;38309;301;3467
BAW;SS12;ZHD;2213;38262;38309;301;3467
BAY;SS12;FB03;2024;40946;39426;316;2857
BAY;SS12;FB04;2024;40946;39426;316;2857
BAY;SS12;ZHD;2024;40946;39426;316;2857
BER;SS12;FB03;2297;43099;36493;300;3044
BER;SS12;FB04;2297;43099;36493;300;3044
BER;SS12;ZHD;2297;43099;36493;300;3044
BRA;SS12;FB03;1852;36848;41427;313;2641
BRA;SS12;FB04;1852;36848;41427;313;2641
BRA;SS12;ZHD;1852;36848;41427;313;2641
BRE;SS12;FB03;1708;40818;44406;295;2611
BRE;SS12;FB04;1708;40818;44406;295;2611
BRE;SS12;ZHD;1708;40818;44406;295;2611
HAM;SS12;FB04;2264;40190;40486;298;2899
HAM;SS12;ZHD;2264;40190;40486;298;2899
HES;SS12;FB03;2278;35694;39970;277;2670
HES;SS12;ZHD;2278;35694;39970;277;2670
BAW;SS12;FB14;2213;38262;38309;301;3467
BAW;SS12;FB12;2213;38262;38309;301;3467
BAY;SS12;FB14;2024;40946;39426;316;2857
BAY;SS12;FB11;2024;40946;39426;316;2857
BAY;SS12;FB12;2024;40946;39426;316;2857
BER;SS12;FB14;2297;43099;36493;300;3044
BER;SS12;FB12;2297;43099;36493;300;3044
BRA;SS12;FB14;1852;36848;41427;313;2641
BRA;SS12;FB11;1852;36848;41427;313;2641
BRA;SS12;FB12;1852;36848;41427;313;2641
BRE;SS12;FB14;1708;40818;44406;295;2611
BRE;SS12;FB11;1708;40818;44406;295;2611
BRE;SS12;FB12;1708;40818;44406;295;2611
HAM;SS12;FB14;2264;40190;40486;298;2899
HAM;SS12;FB11;2264;40190;40486;298;2899
HAM;SS12;FB12;2264;40190;40486;298;2899
HES;SS12;FB14;2278;35694;39970;277;2670
HES;SS12;FB12;2278;35694;39970;277;2670
MVP;SS12;FB14;1664;38471;44469;290;2644
NDS;SS12;FB14;2060;44563;37121;318;2608
NDS;SS12;FB04;1735;39723;38693;294;3046
NDS;SS12;FB13;2246;40437;37714;324;3207
NDS;SS12;FB14;2246;40437;37714;324;3207
NDS;SS12;FB21;2246;40437;37714;324;3207
NDS;SS12;FB07;1890;35216;37488;319;3355
NRW;SS12;FB14;2114;40959;38567;296;2896
NRW;SS12;FB02;2114;40959;38567;296;2896
NRW;SS12;FB11;2311;42350;37587;286;2727
NRW;SS12;FB04;2311;42350;37587;286;2727
NRW;SS12;FB12;2331;39238;36972;309;3029
NRW;SS12;FB03;2331;39238;36972;309;3029
NRW;SS12;FB13;2331;39238;36972;309;3029
NRW;SS12;FB14;1879;41085;43455;303;3094
NRW;SS12;FB21;1879;41085;43455;303;3094
NRW;SS12;FB07;1776;38942;41169;292;3149
NRW;SS12;ZHD;1776;38942;41169;292;3149
RPF;SS12;FB14;1925;44837;43414;294;3420
RPF;SS12;FB02;1925;44837;43414;294;3420
RPF;SS12;FB11;1913;39506;41689;282;2721
RPF;SS12;FB12;1878;42386;35165;313;2844
RPF;SS12;FB03;1878;42386;35165;313;2844
RPF;SS12;FB13;1878;42386;35165;313;2844
RPF;SS12;FB14;1868;37749;38641;318;2765
RPF;SS12;FB21;1868;37749;38641;318;2765
RPF;SS12;FB07;1868;37749;38641;318;2765
RPF;SS12;ZHD;1926;40880;38518;275;2978
SAA;SS12;FB14;2027;44205;35098;320;3335
SAA;SS12;FB02;2114;40959;38567;296;2896
SAA;SS12;FB07;2311;42350;37587;286;2727
SAA;SS12;ZHD;2331;39238;36972;309;3029
SAC;SS12;FB14;1947;38215;42262;288;2953
SAC;SS12;FB02;2091;44643;42566;297;3236
SAC;SS12;FB11;2091;44643;42566;297;3236
SAC;SS12;FB04;2091;44643;42566;297;3236
SAC;SS12;FB12;2287;38927;35718;300;3298
SAC;SS12;FB03;2287;38927;35718;300;3298
SAC;SS12;FB13;1747;40138;44255;323;3021
SAC;SS12;FB14;1747;40138;44255;323;3021
SAC;SS12;FB21;1747;40138;44255;323;3021
SAC;SS12;FB07;1925;44837;43414;294;3420
SAC;SS12;ZHD;1925;44837;43414;294;3420
SAN;SS12;FB11;2228;35563;44015;301;2933
SAN;SS12;FB04;2325;42910;41496;305;3102
SAN;SS12;FB12;2325;42910;41496;305;3102
SAN;SS12;FB13;1914;38816;38864;303;2520
SAN;SS12;FB07;1914;38816;38864;303;2520
SAN;SS12;ZHD;2085;35273;35920;284;3348
SHL;SS12;FB14;1812;38384;43736;279;2984
SHL;SS12;FB02;1812;38384;43736;279;2984
SHL;SS12;FB11;1812;38384;43736;279;2984
SHL;SS12;FB04;1995;42270;41705;275;3345
SHL;SS12;FB12;1995;42270;41705;275;3345
SHL;SS12;FB03;2140;42933;37838;280;3376
SHL;SS12;FB13;2140;42933;37838;280;3376
SHL;SS12;FB14;2140;42933;37838;280;3376
SHL;SS12;FB21;2212;40840;43692;278;3289
SHL;SS12;FB07;1892;42372;38313;310;2647
SHL;SS12;ZHD;1892;42372;38313;310;2647
THU;SS12;FB14;2057;39587;36843;281;3446
THU;SS12;FB02;2045;44459;36665;287;2860
THU;SS12;FB11;2045;44459;36665;287;2860
THU;SS12;FB04;1859;38336;43580;279;2998
THU;SS12;FB12;1791;39689;38041;305;3242
THU;SS12;FB03;1791;39689;38041;305;3242
THU;SS12;FB13;1848;39432;36540;287;2956
THU;SS12;FB14;1848;39432;36540;287;2956
THU;SS12;FB21;2161;35633;43646;314;3171
THU;SS12;FB07;2161;35633;43646;314;3171
THU;SS12;ZHD;2161;35633;43646;314;3171
BAW;SS13;FB14;2293;37093;36316;276;2531
BAY;SS13;FB14;2035;40899;44125;281;2790
BAY;SS13;FB21;2035;40899;44125;281;2790
BAY;SS13;FB13;2035;40899;44125;281;2790
BER;SS13;FB14;1982;42653;37684;277;3191
BER;SS13;FB21;1982;42653;37684;277;3191
BRA;SS13;FB14;2277;35668;37602;324;3262
BRA;SS13;FB21;2277;35668;37602;324;3262
BRA;SS13;FB13;2277;35668;37602;324;3262
BRE;SS13;FB14;2121;43743;36962;310;3353
BRE;SS13;FB21;2121;43743;36962;310;3353
HAM;SS13;FB14;1934;42785;41592;282;2889
HAM;SS13;FB13;1934;42785;41592;282;2889
HES;SS13;FB14;1685;42041;37427;311;2560
HES;SS13;FB21;1685;42041;37427;311;2560
BAW;SS13;FB07;2293;37093;36316;276;2531
BAY;SS13;FB07;2035;40899;44125;281;2790
BAY;SS13;FB02;2035;40899;44125;281;2790
BAY;SS13;FB14;2035;40899;44125;281;2790
BER;SS13;FB07;1982;42653;37684;277;3191
BER;SS13;FB02;1982;42653;37684;277;3191
BRA;SS13;FB07;2277;35668;37602;324;3262
BRA;SS13;FB02;2277;35668;37602;324;3262
BRA;SS13;FB14;2277;35668;37602;324;3262
BRE;SS13;FB07;2121;43743;36962;310;3353
BRE;SS13;FB02;2121;43743;36962;310;3353
HAM;SS13;FB07;1934;42785;41592;282;2889
HAM;SS13;FB14;1934;42785;41592;282;2889
HES;SS13;FB07;1685;42041;37427;311;2560
HES;SS13;FB02;1685;42041;37427;311;2560
BAW;SS13;FB03;2293;37093;36316;276;2531
BAY;SS13;FB03;2035;40899;44125;281;2790
BAY;SS13;FB04;2035;40899;44125;281;2790
BAY;SS13;ZHD;2035;40899;44125;281;2790
BER;SS13;FB03;1982;42653;37684;277;3191
BER;SS13;FB04;1982;42653;37684;277;3191
BRA;SS13;FB03;2277;35668;37602;324;3262
BRA;SS13;FB04;2277;35668;37602;324;3262
BRA;SS13;ZHD;2277;35668;37602;324;3262
BRE;SS13;FB03;2121;43743;36962;310;3353
BRE;SS13;FB04;2121;43743;36962;310;3353
HAM;SS13;FB03;1934;42785;41592;282;2889
HAM;SS13;ZHD;1934;42785;41592;282;2889
HES;SS13;FB03;1685;42041;37427;311;2560
HES;SS13;FB04;1685;42041;37427;311;2560
BAW;SS13;FB14;2293;37093;36316;276;2531
BAY;SS13;FB14;2035;40899;44125;281;2790
BAY;SS13;FB11;2035;40899;44125;281;2790
BER;SS13;FB14;1982;42653;37684;277;3191
BER;SS13;FB11;1982;42653;37684;277;3191
BRA;SS13;FB14;2277;35668;37602;324;3262
BRA;SS13;FB11;2277;35668;37602;324;3262
BRA;SS13;FB12;2277;35668;37602;324;3262
BRE;SS13;FB14;2121;43743;36962;310;3353
BRE;SS13;FB11;2121;43743;36962;310;3353
HAM;SS13;FB14;1934;42785;41592;282;2889
HAM;SS13;FB12;1934;42785;41592;282;2889
HES;SS13;FB14;1685;42041;37427;311;2560
HES;SS13;FB11;1685;42041;37427;311;2560
MVP;SS13;FB13;2184;38771;43877;309;2878
MVP;SS13;FB14;1986;38621;37892;312;3196
MVP;SS13;FB21;1722;42394;38071;294;2940
NDS;SS13;FB13;1926;40880;38518;275;2978
NDS;SS13;FB14;1947;43825;36566;305;3097
NDS;SS13;FB21;2060;44563;37121;318;2608
NRW;SS13;FB14;1930;44884;38787;314;3488
NRW;SS13;FB02;1930;44884;38787;314;3488
NRW;SS13;FB11;1875;44193;35879;288;3344
NRW;SS13;FB04;1875;44193;35879;288;3344
NRW;SS13;FB03;2027;44205;35098;320;3335
NRW;SS13;FB14;2027;44205;35098;320;3335
NRW;SS13;FB21;2114;40959;38567;296;2896
RPF;SS13;FB14;2091;44643;42566;297;3236
RPF;SS13;FB02;2091;44643;42566;297;3236
RPF;SS13;FB12;2287;38927;35718;300;3298
RPF;SS13;FB03;2287;38927;35718;300;3298
RPF;SS13;FB13;2287;38927;35718;300;3298
RPF;SS13;FB21;1747;40138;44255;323;3021
RPF;SS13;FB07;1747;40138;44255;323;3021
RPF;SS13;ZHD;1747;40138;44255;323;3021
SAA;SS13;FB14;2200;39732;36197;308;2811
SAA;SS13;FB02;2200;39732;36197;308;2811
SAA;SS13;FB11;2200;39732;36197;308;2811
SAA;SS13;FB04;1659;42909;37003;319;2537
SAA;SS13;FB12;1930;44884;38787;314;3488
SAA;SS13;FB03;1930;44884;38787;314;3488
SAA;SS13;FB13;1930;44884;38787;314;3488
SAA;SS13;FB14;1875;44193;35879;288;3344
SAA;SS13;FB21;1875;44193;35879;288;3344
SAA;SS13;FB07;1875;44193;35879;288;3344
BER;SS10;FB06;1686;67537;36700;280;2690
SAA;SS13;ZHD;2027;44205;35098;320;3335
SAC;SS13;FB11;2004;38979;40684;294;2620
SAC;SS13;FB04;2004;38979;40684;294;2620
SAC;SS13;FB12;1881;42361;42953;284;2950
SAC;SS13;FB13;1881;42361;42953;284;2950
SAC;SS13;FB14;1881;42361;42953;284;2950
SAC;SS13;FB07;1947;38215;42262;288;2953
SAC;SS13;ZHD;1947;38215;42262;288;2953
SAN;SS13;FB14;2268;38660;35251;292;2933
SAN;SS13;FB02;2268;38660;35251;292;2933
SAN;SS13;FB04;2020;35709;40499;319;3019
SAN;SS13;FB03;2298;39853;38577;297;3034
SAN;SS13;FB14;2228;35563;44015;301;2933
SAN;SS13;FB21;2228;35563;44015;301;2933
SHL;SS13;FB14;2035;39890;41975;297;3189
SHL;SS13;FB02;2035;39890;41975;297;3189
SHL;SS13;FB11;1664;38471;44469;290;2644
SHL;SS13;FB04;1664;38471;44469;290;2644
SHL;SS13;FB12;2113;43235;39841;292;2530
SHL;SS13;FB03;2113;43235;39841;292;2530
SHL;SS13;FB13;2113;43235;39841;292;2530
SHL;SS13;FB14;2262;35539;40490;279;2881
SHL;SS13;FB21;2262;35539;40490;279;2881
SHL;SS13;FB07;2137;42154;37858;308;3472
SHL;SS13;ZHD;2137;42154;37858;308;3472
THU;SS13;FB14;2034;42358;44423;297;2530
THU;SS13;FB02;1796;44849;38824;297;2600
THU;SS13;FB11;1796;44849;38824;297;2600
THU;SS13;FB04;2091;40223;43717;309;3063
THU;SS13;FB12;2267;41203;40613;281;3112
THU;SS13;FB03;2267;41203;40613;281;3112
THU;SS13;FB13;2267;41203;40613;281;3112
THU;SS13;FB14;1984;41595;42896;288;2589
THU;SS13;FB21;1984;41595;42896;288;2589
THU;SS13;FB07;2057;39587;36843;281;3446
THU;SS13;ZHD;2057;39587;36843;281;3446
BAW;SS14;FB14;1984;40863;40275;323;2637
BAW;SS14;FB13;1984;40863;40275;323;2637
BAY;SS14;FB14;2212;41894;35022;277;3029
BAY;SS14;FB21;2212;41894;35022;277;3029
BAY;SS14;FB13;2212;41894;35022;277;3029
BER;SS14;FB14;2067;37507;43590;295;3331
BER;SS14;FB21;2067;37507;43590;295;3331
BER;SS14;FB13;2067;37507;43590;295;3331
BRA;SS14;FB14;1963;36254;35034;286;2558
BRA;SS14;FB21;1963;36254;35034;286;2558
BRA;SS14;FB13;1963;36254;35034;286;2558
BRE;SS14;FB14;2016;37417;41941;277;2868
BRE;SS14;FB21;2016;37417;41941;277;2868
BRE;SS14;FB13;2016;37417;41941;277;2868
HAM;SS14;FB14;1839;35047;44938;307;2798
HAM;SS14;FB21;1839;35047;44938;307;2798
HAM;SS14;FB13;1839;35047;44938;307;2798
HES;SS14;FB14;1658;44414;43733;313;2875
HES;SS14;FB21;1658;44414;43733;313;2875
HES;SS14;FB13;1658;44414;43733;313;2875
BAW;SS14;FB07;1984;40863;40275;323;2637
BAW;SS14;FB14;1984;40863;40275;323;2637
BAY;SS14;FB02;2212;41894;35022;277;3029
BAY;SS14;FB14;2212;41894;35022;277;3029
BER;SS14;FB07;2067;37507;43590;295;3331
BER;SS14;FB02;2067;37507;43590;295;3331
BER;SS14;FB14;2067;37507;43590;295;3331
BRA;SS14;FB07;1963;36254;35034;286;2558
BRA;SS14;FB02;1963;36254;35034;286;2558
BRA;SS14;FB14;1963;36254;35034;286;2558
BRE;SS14;FB07;2016;37417;41941;277;2868
BRE;SS14;FB02;2016;37417;41941;277;2868
BRE;SS14;FB14;2016;37417;41941;277;2868
HAM;SS14;FB07;1839;35047;44938;307;2798
HAM;SS14;FB02;1839;35047;44938;307;2798
HAM;SS14;FB14;1839;35047;44938;307;2798
HES;SS14;FB07;1658;44414;43733;313;2875
HES;SS14;FB02;1658;44414;43733;313;2875
HES;SS14;FB14;1658;44414;43733;313;2875
BAW;SS14;FB03;1984;40863;40275;323;2637
BAW;SS14;ZHD;1984;40863;40275;323;2637
BAY;SS14;FB03;2212;41894;35022;277;3029
BAY;SS14;FB04;2212;41894;35022;277;3029
BAY;SS14;ZHD;2212;41894;35022;277;3029
BER;SS14;FB03;2067;37507;43590;295;3331
BER;SS14;FB04;2067;37507;43590;295;3331
BER;SS14;ZHD;2067;37507;43590;295;3331
BRA;SS14;FB03;1963;36254;35034;286;2558
BRA;SS14;FB04;1963;36254;35034;286;2558
BRA;SS14;ZHD;1963;36254;35034;286;2558
BRE;SS14;FB03;2016;37417;41941;277;2868
BRE;SS14;FB04;2016;37417;41941;277;2868
BRE;SS14;ZHD;2016;37417;41941;277;2868
HAM;SS14;FB03;1839;35047;44938;307;2798
HAM;SS14;FB04;1839;35047;44938;307;2798
HAM;SS14;ZHD;1839;35047;44938;307;2798
HES;SS14;FB03;1658;44414;43733;313;2875
HES;SS14;FB04;1658;44414;43733;313;2875
HES;SS14;ZHD;1658;44414;43733;313;2875
BAW;SS14;FB14;1984;40863;40275;323;2637
BAW;SS14;FB12;1984;40863;40275;323;2637
BAY;SS14;FB14;2212;41894;35022;277;3029
BAY;SS14;FB11;2212;41894;35022;277;3029
BAY;SS14;FB12;2212;41894;35022;277;3029
BER;SS14;FB14;2067;37507;43590;295;3331
BER;SS14;FB11;2067;37507;43590;295;3331
BER;SS14;FB12;2067;37507;43590;295;3331
BRA;SS14;FB14;1963;36254;35034;286;2558
BRA;SS14;FB11;1963;36254;35034;286;2558
BRA;SS14;FB12;1963;36254;35034;286;2558
BRE;SS14;FB14;2016;37417;41941;277;2868
BRE;SS14;FB11;2016;37417;41941;277;2868
BRE;SS14;FB12;2016;37417;41941;277;2868
HAM;SS14;FB14;1839;35047;44938;307;2798
HAM;SS14;FB11;1839;35047;44938;307;2798
HAM;SS14;FB12;1839;35047;44938;307;2798
HES;SS14;FB14;1658;44414;43733;313;2875
HES;SS14;FB11;1658;44414;43733;313;2875
HES;SS14;FB12;1658;44414;43733;313;2875
MVP;SS14;FB13;1969;40505;36000;278;2503
MVP;SS14;FB14;2065;35553;39433;318;2818
MVP;SS14;FB21;1754;41709;41441;302;3095
NDS;SS14;FB13;1913;39506;41689;282;2721
NDS;SS14;FB14;1878;42386;35165;313;2844
NDS;SS14;FB21;1878;42386;35165;313;2844
NRW;SS14;FB11;1886;41891;40488;277;3213
NRW;SS14;FB04;1886;41891;40488;277;3213
NRW;SS14;FB12;2200;39732;36197;308;2811
NRW;SS14;FB13;2200;39732;36197;308;2811
NRW;SS14;FB14;1659;42909;37003;319;2537
NRW;SS14;FB07;1659;42909;37003;319;2537
NRW;SS14;ZHD;1930;44884;38787;314;3488
RPF;SS14;FB14;2150;42487;36630;288;2761
RPF;SS14;FB02;2150;42487;36630;288;2761
RPF;SS14;FB11;2004;38979;40684;294;2620
RPF;SS14;FB04;2004;38979;40684;294;2620
RPF;SS14;FB03;1881;42361;42953;284;2950
RPF;SS14;FB13;1881;42361;42953;284;2950
RPF;SS14;FB14;1947;38215;42262;288;2953
RPF;SS14;FB21;1947;38215;42262;288;2953
RPF;SS14;FB07;1947;38215;42262;288;2953
RPF;SS14;ZHD;2091;44643;42566;297;3236
SAA;SS14;FB14;1914;38816;38864;303;2520
SAA;SS14;FB02;2085;35273;35920;284;3348
SAA;SS14;FB11;2085;35273;35920;284;3348
SAA;SS14;FB04;2085;35273;35920;284;3348
SAA;SS14;FB12;1970;41195;43106;301;3259
SAA;SS14;FB03;2142;38294;35125;324;3147
SAA;SS14;FB13;2142;38294;35125;324;3147
SAA;SS14;FB14;2142;38294;35125;324;3147
SAA;SS14;FB21;1886;41891;40488;277;3213
SAA;SS14;FB07;1886;41891;40488;277;3213
SAA;SS14;ZHD;1886;41891;40488;277;3213
SAC;SS14;FB11;2205;44476;39235;289;2934
SAC;SS14;FB07;2150;42487;36630;288;2761
SAC;SS14;ZHD;2150;42487;36630;288;2761
SAN;SS14;FB14;2045;44459;36665;287;2860
SAN;SS14;FB02;1859;38336;43580;279;2998
SAN;SS14;FB11;1859;38336;43580;279;2998
SAN;SS14;FB04;1791;39689;38041;305;3242
SAN;SS14;FB12;1848;39432;36540;287;2956
SAN;SS14;FB03;1848;39432;36540;287;2956
SAN;SS14;FB13;2161;35633;43646;314;3171
SAN;SS14;FB14;2161;35633;43646;314;3171
SAN;SS14;FB21;2161;35633;43646;314;3171
SAN;SS14;FB07;2110;35208;42777;289;3023
SAN;SS14;ZHD;2110;35208;42777;289;3023
SHL;SS14;FB14;2184;38771;43877;309;2878
SHL;SS14;FB02;1986;38621;37892;312;3196
SHL;SS14;FB12;1986;38621;37892;312;3196
SHL;SS14;FB03;2223;39181;38623;312;3194
SHL;SS14;FB13;2223;39181;38623;312;3194
SHL;SS14;FB21;1722;42394;38071;294;2940
SHL;SS14;FB07;1722;42394;38071;294;2940
SHL;SS14;ZHD;1722;42394;38071;294;2940
THU;SS14;FB14;1890;35216;37488;319;3355
THU;SS14;FB02;1890;35216;37488;319;3355
THU;SS14;FB11;1890;35216;37488;319;3355
THU;SS14;FB04;2106;35472;40300;278;2850
THU;SS14;FB12;2106;35472;40300;278;2850
THU;SS14;FB03;1676;35931;36448;275;2938
THU;SS14;FB13;1676;35931;36448;275;2938
THU;SS14;FB14;1676;35931;36448;275;2938
THU;SS14;FB21;1926;42894;43383;281;3446
THU;SS14;FB07;1926;42894;43383;281;3446
THU;SS14;ZHD;2034;42358;44423;297;2530
BAW;WS1011;FB14;2236;36852;37330;306;2576
BAW;WS1011;FB13;2236;36852;37330;306;2576
BAY;WS1011;FB14;2175;41094;39843;289;2939
BAY;WS1011;FB21;2175;41094;39843;289;2939
BER;WS1011;FB14;2040;43090;44106;306;2785
BER;WS1011;FB21;2040;43090;44106;306;2785
BER;WS1011;FB13;2040;43090;44106;306;2785
BRA;WS1011;FB14;2201;37099;36991;303;3439
BRA;WS1011;FB21;2201;37099;36991;303;3439
BRA;WS1011;FB13;2201;37099;36991;303;3439
BRE;WS1011;FB14;2030;43198;44030;297;3435
BRE;WS1011;FB21;2030;43198;44030;297;3435
BRE;WS1011;FB13;2030;43198;44030;297;3435
HAM;WS1011;FB14;2315;42144;38807;318;2937
HAM;WS1011;FB21;2315;42144;38807;318;2937
HAM;WS1011;FB13;2315;42144;38807;318;2937
HES;WS1011;FB14;1671;40423;38624;288;3408
HES;WS1011;FB21;1671;40423;38624;288;3408
HES;WS1011;FB13;1671;40423;38624;288;3408
BAW;WS1011;FB07;2236;36852;37330;306;2576
BAW;WS1011;FB14;2236;36852;37330;306;2576
BAY;WS1011;FB07;2175;41094;39843;289;2939
BAY;WS1011;FB02;2175;41094;39843;289;2939
BAY;WS1011;FB14;2175;41094;39843;289;2939
BER;WS1011;FB07;2040;43090;44106;306;2785
BER;WS1011;FB02;2040;43090;44106;306;2785
BER;WS1011;FB14;2040;43090;44106;306;2785
BRA;WS1011;FB07;2201;37099;36991;303;3439
BRA;WS1011;FB02;2201;37099;36991;303;3439
BRA;WS1011;FB14;2201;37099;36991;303;3439
BRE;WS1011;FB07;2030;43198;44030;297;3435
BRE;WS1011;FB02;2030;43198;44030;297;3435
BRE;WS1011;FB14;2030;43198;44030;297;3435
HAM;WS1011;FB07;2315;42144;38807;318;2937
HAM;WS1011;FB02;2315;42144;38807;318;2937
HAM;WS1011;FB14;2315;42144;38807;318;2937
HES;WS1011;FB07;1671;40423;38624;288;3408
HES;WS1011;FB02;1671;40423;38624;288;3408
HES;WS1011;FB14;1671;40423;38624;288;3408
BAW;WS1011;FB03;2236;36852;37330;306;2576
BAW;WS1011;ZHD;2236;36852;37330;306;2576
BAY;WS1011;FB03;2175;41094;39843;289;2939
BAY;WS1011;FB04;2175;41094;39843;289;2939
BAY;WS1011;ZHD;2175;41094;39843;289;2939
BER;WS1011;FB03;2040;43090;44106;306;2785
BER;WS1011;FB04;2040;43090;44106;306;2785
BER;WS1011;ZHD;2040;43090;44106;306;2785
BRA;WS1011;FB03;2201;37099;36991;303;3439
BRA;WS1011;FB04;2201;37099;36991;303;3439
BRA;WS1011;ZHD;2201;37099;36991;303;3439
BRE;WS1011;FB03;2030;43198;44030;297;3435
BRE;WS1011;FB04;2030;43198;44030;297;3435
BRE;WS1011;ZHD;2030;43198;44030;297;3435
HAM;WS1011;FB03;2315;42144;38807;318;2937
HAM;WS1011;FB04;2315;42144;38807;318;2937
HAM;WS1011;ZHD;2315;42144;38807;318;2937
HES;WS1011;FB03;1671;40423;38624;288;3408
HES;WS1011;FB04;1671;40423;38624;288;3408
HES;WS1011;ZHD;1671;40423;38624;288;3408
BAW;WS1011;FB14;2236;36852;37330;306;2576
BAW;WS1011;FB12;2236;36852;37330;306;2576
BAY;WS1011;FB14;2175;41094;39843;289;2939
BAY;WS1011;FB12;2175;41094;39843;289;2939
BER;WS1011;FB14;2040;43090;44106;306;2785
BER;WS1011;FB11;2040;43090;44106;306;2785
BER;WS1011;FB12;2040;43090;44106;306;2785
BRA;WS1011;FB14;2201;37099;36991;303;3439
BRA;WS1011;FB11;2201;37099;36991;303;3439
BRA;WS1011;FB12;2201;37099;36991;303;3439
BRE;WS1011;FB14;2030;43198;44030;297;3435
BRE;WS1011;FB11;2030;43198;44030;297;3435
BRE;WS1011;FB12;2030;43198;44030;297;3435
HAM;WS1011;FB14;2315;42144;38807;318;2937
HAM;WS1011;FB11;2315;42144;38807;318;2937
HAM;WS1011;FB12;2315;42144;38807;318;2937
HES;WS1011;FB14;1671;40423;38624;288;3408
HES;WS1011;FB11;1671;40423;38624;288;3408
HES;WS1011;FB12;1671;40423;38624;288;3408
MVP;WS1011;FB02;2287;38927;35718;300;3298
MVP;WS1011;FB04;1747;40138;44255;323;3021
MVP;WS1011;ZHD;1925;44837;43414;294;3420
NDS;WS1011;FB02;2085;35273;35920;284;3348
NDS;WS1011;FB04;2085;35273;35920;284;3348
NDS;WS1011;ZHD;1886;41891;40488;277;3213
NRW;WS1011;FB14;1729;43473;35798;296;2971
NRW;WS1011;FB02;1729;43473;35798;296;2971
NRW;WS1011;FB11;1729;43473;35798;296;2971
NRW;WS1011;FB04;1711;37283;44424;301;3390
NRW;WS1011;FB12;1711;37283;44424;301;3390
NRW;WS1011;FB03;2205;44476;39235;289;2934
NRW;WS1011;FB13;2205;44476;39235;289;2934
NRW;WS1011;FB14;1844;36008;44536;300;2945
NRW;WS1011;FB07;1977;43364;39436;289;3049
NRW;WS1011;ZHD;2150;42487;36630;288;2761
RPF;WS1011;FB14;2020;35709;40499;319;3019
RPF;WS1011;FB02;2020;35709;40499;319;3019
RPF;WS1011;FB04;2298;39853;38577;297;3034
RPF;WS1011;FB12;2228;35563;44015;301;2933
RPF;WS1011;FB03;2228;35563;44015;301;2933
RPF;WS1011;FB13;2325;42910;41496;305;3102
RPF;WS1011;FB14;2325;42910;41496;305;3102
RPF;WS1011;FB21;2325;42910;41496;305;3102
RPF;WS1011;FB07;1914;38816;38864;303;2520
RPF;WS1011;ZHD;1914;38816;38864;303;2520
SAA;WS1011;FB14;1892;42372;38313;310;2647
SAA;WS1011;FB02;1892;42372;38313;310;2647
SAA;WS1011;FB11;1892;42372;38313;310;2647
SAA;WS1011;FB04;1666;39281;38738;299;3215
SAA;WS1011;FB12;1666;39281;38738;299;3215
SAA;WS1011;FB03;1729;43473;35798;296;2971
SAA;WS1011;FB13;1729;43473;35798;296;2971
SAA;WS1011;FB14;1729;43473;35798;296;2971
SAA;WS1011;FB21;1711;37283;44424;301;3390
SAA;WS1011;FB07;1711;37283;44424;301;3390
SAC;WS1011;FB14;2267;41203;40613;281;3112
SAC;WS1011;FB02;2267;41203;40613;281;3112
SAC;WS1011;FB12;1984;41595;42896;288;2589
SAC;WS1011;FB03;1984;41595;42896;288;2589
SAC;WS1011;FB13;2057;39587;36843;281;3446
SAC;WS1011;FB21;2057;39587;36843;281;3446
SAC;WS1011;FB07;2057;39587;36843;281;3446
SAC;WS1011;ZHD;2045;44459;36665;287;2860
SAN;WS1011;FB14;2180;37172;36738;304;3374
SAN;WS1011;FB02;2180;37172;36738;304;3374
SAN;WS1011;FB11;1969;40505;36000;278;2503
SAN;WS1011;FB04;2065;39140;37918;276;2977
SAN;WS1011;FB12;2065;35553;39433;318;2818
SAN;WS1011;FB03;2065;35553;39433;318;2818
SAN;WS1011;FB13;2065;35553;39433;318;2818
SAN;WS1011;FB14;1754;41709;41441;302;3095
SAN;WS1011;FB21;1754;41709;41441;302;3095
SAN;WS1011;FB07;2184;38771;43877;309;2878
SAN;WS1011;ZHD;2184;38771;43877;309;2878
SHL;WS1011;FB14;1788;41821;37427;280;3475
SHL;WS1011;FB02;2060;44563;37121;318;2608
SHL;WS1011;FB11;2060;44563;37121;318;2608
SHL;WS1011;FB04;2060;44563;37121;318;2608
SHL;WS1011;FB12;1923;43131;39139;295;2724
SHL;WS1011;FB03;1923;43131;39139;295;2724
SHL;WS1011;FB13;1735;39723;38693;294;3046
SHL;WS1011;FB14;1735;39723;38693;294;3046
SHL;WS1011;FB21;2246;40437;37714;324;3207
SHL;WS1011;FB07;2246;40437;37714;324;3207
SHL;WS1011;ZHD;2246;40437;37714;324;3207
THU;WS1011;FB14;2331;39238;36972;309;3029
THU;WS1011;FB02;2331;39238;36972;309;3029
THU;WS1011;FB11;1879;41085;43455;303;3094
THU;WS1011;FB04;1776;38942;41169;292;3149
THU;WS1011;FB12;1776;38942;41169;292;3149
THU;WS1011;FB03;1776;38942;41169;292;3149
THU;WS1011;FB13;2209;39212;43199;316;3363
THU;WS1011;FB14;2209;39212;43199;316;3363
THU;WS1011;FB21;2209;39212;43199;316;3363
THU;WS1011;FB07;2180;37172;36738;304;3374
THU;WS1011;ZHD;2180;37172;36738;304;3374
BAW;WS1112;FB14;2170;40154;43802;291;3471
BAW;WS1112;FB13;2170;40154;43802;291;3471
BAY;WS1112;FB14;2114;43341;39855;308;2810
BAY;WS1112;FB21;2114;43341;39855;308;2810
BAY;WS1112;FB13;2114;43341;39855;308;2810
BER;WS1112;FB14;1873;35569;41302;306;2899
BER;WS1112;FB21;1873;35569;41302;306;2899
BRA;WS1112;FB14;1985;44318;35234;311;3097
BRA;WS1112;FB21;1985;44318;35234;311;3097
BRA;WS1112;FB13;1985;44318;35234;311;3097
BRE;WS1112;FB14;1858;40237;38640;276;3089
BRE;WS1112;FB21;1858;40237;38640;276;3089
BRE;WS1112;FB13;1858;40237;38640;276;3089
HAM;WS1112;FB14;1721;37281;37781;299;3040
HAM;WS1112;FB21;1721;37281;37781;299;3040
HAM;WS1112;FB13;1721;37281;37781;299;3040
HES;WS1112;FB14;2217;36788;41400;324;3164
HES;WS1112;FB21;2217;36788;41400;324;3164
BAW;WS1112;FB07;2170;40154;43802;291;3471
BAW;WS1112;FB14;2170;40154;43802;291;3471
BAY;WS1112;FB07;2114;43341;39855;308;2810
BAY;WS1112;FB02;2114;43341;39855;308;2810
BAY;WS1112;FB14;2114;43341;39855;308;2810
BER;WS1112;FB07;1873;35569;41302;306;2899
BER;WS1112;FB02;1873;35569;41302;306;2899
BRA;WS1112;FB07;1985;44318;35234;311;3097
BRA;WS1112;FB14;1985;44318;35234;311;3097
BRE;WS1112;FB07;1858;40237;38640;276;3089
BRE;WS1112;FB02;1858;40237;38640;276;3089
BRE;WS1112;FB14;1858;40237;38640;276;3089
HAM;WS1112;FB07;1721;37281;37781;299;3040
HAM;WS1112;FB02;1721;37281;37781;299;3040
HAM;WS1112;FB14;1721;37281;37781;299;3040
HES;WS1112;FB07;2217;36788;41400;324;3164
HES;WS1112;FB02;2217;36788;41400;324;3164
BAW;WS1112;FB03;2170;40154;43802;291;3471
BAW;WS1112;ZHD;2170;40154;43802;291;3471
BAY;WS1112;FB03;2114;43341;39855;308;2810
BAY;WS1112;FB04;2114;43341;39855;308;2810
BAY;WS1112;ZHD;2114;43341;39855;308;2810
BER;WS1112;FB04;1873;35569;41302;306;2899
BRA;WS1112;FB03;1985;44318;35234;311;3097
BRA;WS1112;FB04;1985;44318;35234;311;3097
BRA;WS1112;ZHD;1985;44318;35234;311;3097
BRE;WS1112;FB03;1858;40237;38640;276;3089
BRE;WS1112;FB04;1858;40237;38640;276;3089
BRE;WS1112;ZHD;1858;40237;38640;276;3089
HAM;WS1112;FB03;1721;37281;37781;299;3040
HAM;WS1112;FB04;1721;37281;37781;299;3040
HAM;WS1112;ZHD;1721;37281;37781;299;3040
HES;WS1112;FB04;2217;36788;41400;324;3164
BAW;WS1112;FB14;2170;40154;43802;291;3471
BAW;WS1112;FB12;2170;40154;43802;291;3471
BAY;WS1112;FB14;2114;43341;39855;308;2810
BAY;WS1112;FB11;2114;43341;39855;308;2810
BAY;WS1112;FB12;2114;43341;39855;308;2810
BER;WS1112;FB14;1873;35569;41302;306;2899
BER;WS1112;FB11;1873;35569;41302;306;2899
BRA;WS1112;FB14;1985;44318;35234;311;3097
BRA;WS1112;FB11;1985;44318;35234;311;3097
BRA;WS1112;FB12;1985;44318;35234;311;3097
BRE;WS1112;FB14;1858;40237;38640;276;3089
BRE;WS1112;FB11;1858;40237;38640;276;3089
BRE;WS1112;FB12;1858;40237;38640;276;3089
HAM;WS1112;FB14;1721;37281;37781;299;3040
HAM;WS1112;FB11;1721;37281;37781;299;3040
HAM;WS1112;FB12;1721;37281;37781;299;3040
HES;WS1112;FB14;2217;36788;41400;324;3164
HES;WS1112;FB11;2217;36788;41400;324;3164
MVP;WS1112;FB02;1881;42361;42953;284;2950
MVP;WS1112;FB04;1947;38215;42262;288;2953
MVP;WS1112;ZHD;2091;44643;42566;297;3236
NDS;WS1112;FB02;2268;38660;35251;292;2933
NDS;WS1112;FB04;2020;35709;40499;319;3019
NDS;WS1112;FB12;2325;42910;41496;305;3102
NDS;WS1112;ZHD;2325;42910;41496;305;3102
NRW;WS1112;FB11;1892;42372;38313;310;2647
NRW;WS1112;FB04;1666;39281;38738;299;3215
NRW;WS1112;FB14;1666;39281;38738;299;3215
RPF;WS1112;FB14;1859;38336;43580;279;2998
RPF;WS1112;FB02;1791;39689;38041;305;3242
RPF;WS1112;FB11;1791;39689;38041;305;3242
RPF;WS1112;FB12;2161;35633;43646;314;3171
RPF;WS1112;FB03;2161;35633;43646;314;3171
RPF;WS1112;FB13;2161;35633;43646;314;3171
RPF;WS1112;FB14;2110;35208;42777;289;3023
RPF;WS1112;FB21;2110;35208;42777;289;3023
RPF;WS1112;ZHD;2268;38660;35251;292;2933
SAA;WS1112;FB14;1812;38384;43736;279;2984
SAA;WS1112;FB02;1995;42270;41705;275;3345
SAA;WS1112;FB11;1995;42270;41705;275;3345
SAA;WS1112;FB04;1995;42270;41705;275;3345
SAA;WS1112;FB03;2140;42933;37838;280;3376
SAA;WS1112;FB14;2140;42933;37838;280;3376
SAA;WS1112;FB21;2212;40840;43692;278;3289
SAC;WS1112;FB14;1676;35931;36448;275;2938
SAC;WS1112;FB02;1676;35931;36448;275;2938
SAC;WS1112;FB11;1676;35931;36448;275;2938
SAC;WS1112;FB04;1926;42894;43383;281;3446
SAC;WS1112;FB12;2034;42358;44423;297;2530
SAC;WS1112;FB03;2034;42358;44423;297;2530
SAC;WS1112;FB13;1796;44849;38824;297;2600
SAC;WS1112;FB14;1796;44849;38824;297;2600
SAC;WS1112;FB21;2091;40223;43717;309;3063
SAC;WS1112;FB07;2091;40223;43717;309;3063
SAC;WS1112;ZHD;2267;41203;40613;281;3112
SAN;WS1112;FB14;1879;41085;43455;303;3094
SAN;WS1112;FB02;1879;41085;43455;303;3094
SAN;WS1112;FB11;1776;38942;41169;292;3149
SAN;WS1112;FB04;1776;38942;41169;292;3149
SAN;WS1112;FB03;2209;39212;43199;316;3363
SAN;WS1112;FB14;2209;39212;43199;316;3363
SAN;WS1112;FB21;2209;39212;43199;316;3363
SHL;WS1112;FB14;1868;37749;38641;318;2765
SHL;WS1112;FB02;1868;37749;38641;318;2765
SHL;WS1112;FB11;1868;37749;38641;318;2765
SHL;WS1112;FB04;1926;40880;38518;275;2978
SHL;WS1112;FB12;1926;40880;38518;275;2978
SHL;WS1112;FB03;1947;43825;36566;305;3097
SHL;WS1112;FB13;1947;43825;36566;305;3097
SHL;WS1112;FB14;1996;41288;39610;296;3118
SHL;WS1112;FB21;1996;41288;39610;296;3118
SHL;WS1112;FB07;1788;41821;37427;280;3475
SHL;WS1112;ZHD;1788;41821;37427;280;3475
THU;WS1112;FB14;2027;44205;35098;320;3335
THU;WS1112;FB02;2114;40959;38567;296;2896
THU;WS1112;FB11;2114;40959;38567;296;2896
THU;WS1112;FB04;2114;40959;38567;296;2896
THU;WS1112;FB03;2311;42350;37587;286;2727
THU;WS1112;FB14;2311;42350;37587;286;2727
THU;WS1112;FB21;2331;39238;36972;309;3029
BAW;WS1213;FB14;1653;41864;41793;276;3048
BAW;WS1213;FB21;1653;41864;41793;276;3048
BAW;WS1213;FB13;1653;41864;41793;276;3048
BAY;WS1213;FB14;1908;42438;42244;296;3350
BAY;WS1213;FB21;1908;42438;42244;296;3350
BAY;WS1213;FB13;1908;42438;42244;296;3350
BER;WS1213;FB14;2040;36109;44262;299;2956
BER;WS1213;FB21;2040;36109;44262;299;2956
BRA;WS1213;FB14;1833;38005;38601;307;2964
BRA;WS1213;FB21;1833;38005;38601;307;2964
BRA;WS1213;FB13;1833;38005;38601;307;2964
BRE;WS1213;FB14;1802;43432;42296;304;2577
BRE;WS1213;FB21;1802;43432;42296;304;2577
BRE;WS1213;FB13;1802;43432;42296;304;2577
HAM;WS1213;FB14;2195;37842;43643;291;3295
HAM;WS1213;FB21;2195;37842;43643;291;3295
HAM;WS1213;FB13;2195;37842;43643;291;3295
HES;WS1213;FB14;2339;40692;38900;311;2703
HES;WS1213;FB21;2339;40692;38900;311;2703
HES;WS1213;FB13;2339;40692;38900;311;2703
BAW;WS1213;FB07;1653;41864;41793;276;3048
BAW;WS1213;FB02;1653;41864;41793;276;3048
BAW;WS1213;FB14;1653;41864;41793;276;3048
BAY;WS1213;FB07;1908;42438;42244;296;3350
BAY;WS1213;FB02;1908;42438;42244;296;3350
BAY;WS1213;FB14;1908;42438;42244;296;3350
BER;WS1213;FB07;2040;36109;44262;299;2956
BER;WS1213;FB02;2040;36109;44262;299;2956
BRA;WS1213;FB07;1833;38005;38601;307;2964
BRA;WS1213;FB02;1833;38005;38601;307;2964
BRA;WS1213;FB14;1833;38005;38601;307;2964
BRE;WS1213;FB07;1802;43432;42296;304;2577
BRE;WS1213;FB02;1802;43432;42296;304;2577
BRE;WS1213;FB14;1802;43432;42296;304;2577
HAM;WS1213;FB07;2195;37842;43643;291;3295
HAM;WS1213;FB02;2195;37842;43643;291;3295
HAM;WS1213;FB14;2195;37842;43643;291;3295
HES;WS1213;FB07;2339;40692;38900;311;2703
HES;WS1213;FB02;2339;40692;38900;311;2703
HES;WS1213;FB14;2339;40692;38900;311;2703
BAW;WS1213;FB03;1653;41864;41793;276;3048
BAW;WS1213;FB04;1653;41864;41793;276;3048
BAW;WS1213;ZHD;1653;41864;41793;276;3048
BAY;WS1213;FB03;1908;42438;42244;296;3350
BAY;WS1213;FB04;1908;42438;42244;296;3350
BAY;WS1213;ZHD;1908;42438;42244;296;3350
BER;WS1213;FB03;2040;36109;44262;299;2956
BER;WS1213;FB04;2040;36109;44262;299;2956
BRA;WS1213;FB03;1833;38005;38601;307;2964
BRA;WS1213;FB04;1833;38005;38601;307;2964
BRA;WS1213;ZHD;1833;38005;38601;307;2964
BRE;WS1213;FB03;1802;43432;42296;304;2577
BRE;WS1213;FB04;1802;43432;42296;304;2577
BRE;WS1213;ZHD;1802;43432;42296;304;2577
HAM;WS1213;FB03;2195;37842;43643;291;3295
HAM;WS1213;FB04;2195;37842;43643;291;3295
HAM;WS1213;ZHD;2195;37842;43643;291;3295
HES;WS1213;FB03;2339;40692;38900;311;2703
HES;WS1213;FB04;2339;40692;38900;311;2703
HES;WS1213;ZHD;2339;40692;38900;311;2703
BAW;WS1213;FB14;1653;41864;41793;276;3048
BAW;WS1213;FB11;1653;41864;41793;276;3048
BAW;WS1213;FB12;1653;41864;41793;276;3048
BAY;WS1213;FB14;1908;42438;42244;296;3350
BAY;WS1213;FB11;1908;42438;42244;296;3350
BAY;WS1213;FB12;1908;42438;42244;296;3350
BER;WS1213;FB14;2040;36109;44262;299;2956
BER;WS1213;FB11;2040;36109;44262;299;2956
BRA;WS1213;FB14;1833;38005;38601;307;2964
BRA;WS1213;FB11;1833;38005;38601;307;2964
BRA;WS1213;FB12;1833;38005;38601;307;2964
BRE;WS1213;FB14;1802;43432;42296;304;2577
BRE;WS1213;FB11;1802;43432;42296;304;2577
BRE;WS1213;FB12;1802;43432;42296;304;2577
HAM;WS1213;FB14;2195;37842;43643;291;3295
HAM;WS1213;FB11;2195;37842;43643;291;3295
HAM;WS1213;FB12;2195;37842;43643;291;3295
HES;WS1213;FB14;2339;40692;38900;311;2703
HES;WS1213;FB11;2339;40692;38900;311;2703
HES;WS1213;FB12;2339;40692;38900;311;2703
MVP;WS1213;FB02;1977;43364;39436;289;3049
MVP;WS1213;FB11;2150;42487;36630;288;2761
MVP;WS1213;FB04;2150;42487;36630;288;2761
MVP;WS1213;FB12;2150;42487;36630;288;2761
MVP;WS1213;FB03;2004;38979;40684;294;2620
MVP;WS1213;ZHD;2004;38979;40684;294;2620
NDS;WS1213;FB11;2045;44459;36665;287;2860
NDS;WS1213;FB12;2161;35633;43646;314;3171
NDS;WS1213;FB03;2110;35208;42777;289;3023
NRW;WS1213;FB14;1812;38384;43736;279;2984
NRW;WS1213;FB02;1812;38384;43736;279;2984
NRW;WS1213;FB11;1812;38384;43736;279;2984
NRW;WS1213;FB04;1995;42270;41705;275;3345
NRW;WS1213;FB12;1995;42270;41705;275;3345
NRW;WS1213;FB03;2140;42933;37838;280;3376
NRW;WS1213;FB13;2140;42933;37838;280;3376
NRW;WS1213;FB14;2140;42933;37838;280;3376
NRW;WS1213;FB21;2212;40840;43692;278;3289
NRW;WS1213;FB07;1892;42372;38313;310;2647
NRW;WS1213;ZHD;1892;42372;38313;310;2647
RPF;WS1213;FB14;2091;40223;43717;309;3063
RPF;WS1213;FB02;2267;41203;40613;281;3112
RPF;WS1213;FB11;2267;41203;40613;281;3112
RPF;WS1213;FB04;2267;41203;40613;281;3112
RPF;WS1213;FB12;1984;41595;42896;288;2589
RPF;WS1213;FB03;2057;39587;36843;281;3446
RPF;WS1213;FB13;2057;39587;36843;281;3446
RPF;WS1213;FB14;2057;39587;36843;281;3446
RPF;WS1213;FB21;2045;44459;36665;287;2860
RPF;WS1213;FB07;2045;44459;36665;287;2860
RPF;WS1213;ZHD;1859;38336;43580;279;2998
SAA;WS1213;FB14;1664;38471;44469;290;2644
SAA;WS1213;FB02;1664;38471;44469;290;2644
SAA;WS1213;FB11;1664;38471;44469;290;2644
SAA;WS1213;FB04;2113;43235;39841;292;2530
SAA;WS1213;FB12;2113;43235;39841;292;2530
SAA;WS1213;FB03;2262;35539;40490;279;2881
SAA;WS1213;FB13;2262;35539;40490;279;2881
SAA;WS1213;FB14;2137;42154;37858;308;3472
SAA;WS1213;FB21;2137;42154;37858;308;3472
SAA;WS1213;FB07;1812;38384;43736;279;2984
SAA;WS1213;ZHD;1812;38384;43736;279;2984
SAC;WS1213;FB14;2246;40437;37714;324;3207
SAC;WS1213;FB02;2246;40437;37714;324;3207
SAC;WS1213;FB11;1890;35216;37488;319;3355
SAC;WS1213;FB04;1890;35216;37488;319;3355
SAC;WS1213;FB03;2106;35472;40300;278;2850
SAC;WS1213;FB14;2106;35472;40300;278;2850
SAC;WS1213;FB21;2106;35472;40300;278;2850
SAN;WS1213;FB14;1875;44193;35879;288;3344
SAN;WS1213;FB02;2027;44205;35098;320;3335
SAN;WS1213;FB11;2027;44205;35098;320;3335
SAN;WS1213;FB04;2114;40959;38567;296;2896
SAN;WS1213;FB12;2114;40959;38567;296;2896
SAN;WS1213;FB03;2311;42350;37587;286;2727
SAN;WS1213;FB13;2311;42350;37587;286;2727
SAN;WS1213;FB14;2311;42350;37587;286;2727
SAN;WS1213;FB21;2331;39238;36972;309;3029
SAN;WS1213;FB07;2331;39238;36972;309;3029
SAN;WS1213;ZHD;2331;39238;36972;309;3029
SHL;WS1213;FB14;2287;38927;35718;300;3298
SHL;WS1213;FB02;1747;40138;44255;323;3021
SHL;WS1213;FB11;1747;40138;44255;323;3021
SHL;WS1213;FB04;1747;40138;44255;323;3021
SHL;WS1213;FB12;1925;44837;43414;294;3420
SHL;WS1213;FB03;1913;39506;41689;282;2721
SHL;WS1213;FB13;1913;39506;41689;282;2721
SHL;WS1213;FB14;1913;39506;41689;282;2721
SHL;WS1213;FB21;1878;42386;35165;313;2844
SHL;WS1213;FB07;1878;42386;35165;313;2844
SHL;WS1213;ZHD;1878;42386;35165;313;2844
THU;WS1213;FB14;1659;42909;37003;319;2537
THU;WS1213;FB02;1930;44884;38787;314;3488
THU;WS1213;FB11;1930;44884;38787;314;3488
THU;WS1213;FB04;1930;44884;38787;314;3488
THU;WS1213;FB03;1875;44193;35879;288;3344
THU;WS1213;FB14;1875;44193;35879;288;3344
THU;WS1213;FB21;2027;44205;35098;320;3335
BAW;WS1314;FB14;1750;41800;41100;288;3190
BAW;WS1314;FB13;1750;41800;41100;288;3190
BAY;WS1314;FB14;2023;40399;35490;296;2569
BAY;WS1314;FB21;2023;40399;35490;296;2569
BAY;WS1314;FB13;2023;40399;35490;296;2569
BER;WS1314;FB14;1925;41982;42312;324;3121
BER;WS1314;FB21;1925;41982;42312;324;3121
BER;WS1314;FB13;1925;41982;42312;324;3121
BRA;WS1314;FB21;2274;38853;39502;313;2621
BRA;WS1314;FB13;2274;38853;39502;313;2621
BRE;WS1314;FB21;1781;37629;36735;312;3369
BRE;WS1314;FB13;1781;37629;36735;312;3369
HAM;WS1314;FB14;2032;36880;39270;288;3108
HAM;WS1314;FB21;2032;36880;39270;288;3108
HAM;WS1314;FB13;2032;36880;39270;288;3108
HES;WS1314;FB14;2206;38891;39700;316;2540
HES;WS1314;FB21;2206;38891;39700;316;2540
HES;WS1314;FB13;2206;38891;39700;316;2540
BAW;WS1314;FB07;1750;41800;41100;288;3190
BAW;WS1314;FB14;1750;41800;41100;288;3190
BAY;WS1314;FB07;2023;40399;35490;296;2569
BAY;WS1314;FB02;2023;40399;35490;296;2569
BAY;WS1314;FB14;2023;40399;35490;296;2569
BER;WS1314;FB07;1925;41982;42312;324;3121
BER;WS1314;FB02;1925;41982;42312;324;3121
BER;WS1314;FB14;1925;41982;42312;324;3121
BRA;WS1314;FB02;2274;38853;39502;313;2621
BRA;WS1314;FB14;2274;38853;39502;313;2621
BRE;WS1314;FB02;1781;37629;36735;312;3369
BRE;WS1314;FB14;1781;37629;36735;312;3369
HAM;WS1314;FB07;2032;36880;39270;288;3108
HAM;WS1314;FB02;2032;36880;39270;288;3108
HAM;WS1314;FB14;2032;36880;39270;288;3108
HES;WS1314;FB07;2206;38891;39700;316;2540
HES;WS1314;FB02;2206;38891;39700;316;2540
HES;WS1314;FB14;2206;38891;39700;316;2540
BAW;WS1314;FB03;1750;41800;41100;288;3190
BAW;WS1314;ZHD;1750;41800;41100;288;3190
BAY;WS1314;FB03;2023;40399;35490;296;2569
BAY;WS1314;FB04;2023;40399;35490;296;2569
BAY;WS1314;ZHD;2023;40399;35490;296;2569
BER;WS1314;FB03;1925;41982;42312;324;3121
BER;WS1314;FB04;1925;41982;42312;324;3121
BER;WS1314;ZHD;1925;41982;42312;324;3121
BRA;WS1314;FB04;2274;38853;39502;313;2621
BRA;WS1314;ZHD;2274;38853;39502;313;2621
BRE;WS1314;FB04;1781;37629;36735;312;3369
BRE;WS1314;ZHD;1781;37629;36735;312;3369
HAM;WS1314;FB03;2032;36880;39270;288;3108
HAM;WS1314;FB04;2032;36880;39270;288;3108
HAM;WS1314;ZHD;2032;36880;39270;288;3108
HES;WS1314;FB03;2206;38891;39700;316;2540
HES;WS1314;FB04;2206;38891;39700;316;2540
HES;WS1314;ZHD;2206;38891;39700;316;2540
BAW;WS1314;FB14;1750;41800;41100;288;3190
BAW;WS1314;FB12;1750;41800;41100;288;3190
BAY;WS1314;FB14;2023;40399;35490;296;2569
BAY;WS1314;FB11;2023;40399;35490;296;2569
BAY;WS1314;FB12;2023;40399;35490;296;2569
BER;WS1314;FB14;1925;41982;42312;324;3121
BER;WS1314;FB11;1925;41982;42312;324;3121
BER;WS1314;FB12;1925;41982;42312;324;3121
BRA;WS1314;FB11;2274;38853;39502;313;2621
BRA;WS1314;FB12;2274;38853;39502;313;2621
BRE;WS1314;FB11;1781;37629;36735;312;3369
BRE;WS1314;FB12;1781;37629;36735;312;3369
HAM;WS1314;FB14;2032;36880;39270;288;3108
HAM;WS1314;FB11;2032;36880;39270;288;3108
HAM;WS1314;FB12;2032;36880;39270;288;3108
HES;WS1314;FB14;2206;38891;39700;316;2540
HES;WS1314;FB11;2206;38891;39700;316;2540
HES;WS1314;FB12;2206;38891;39700;316;2540
MVP;WS1314;FB11;1729;43473;35798;296;2971
MVP;WS1314;FB12;1711;37283;44424;301;3390
MVP;WS1314;FB03;2205;44476;39235;289;2934
NDS;WS1314;FB11;2057;39587;36843;281;3446
NDS;WS1314;FB03;2045;44459;36665;287;2860
NRW;WS1314;FB14;2035;39890;41975;297;3189
NRW;WS1314;FB02;2035;39890;41975;297;3189
NRW;WS1314;FB11;1664;38471;44469;290;2644
NRW;WS1314;FB04;1664;38471;44469;290;2644
NRW;WS1314;FB12;2113;43235;39841;292;2530
NRW;WS1314;FB03;2113;43235;39841;292;2530
NRW;WS1314;FB13;2113;43235;39841;292;2530
NRW;WS1314;FB14;2262;35539;40490;279;2881
NRW;WS1314;FB21;2262;35539;40490;279;2881
NRW;WS1314;FB07;2137;42154;37858;308;3472
NRW;WS1314;ZHD;2137;42154;37858;308;3472
RPF;WS1314;FB14;2106;35472;40300;278;2850
RPF;WS1314;FB02;2106;35472;40300;278;2850
RPF;WS1314;FB11;1676;35931;36448;275;2938
RPF;WS1314;FB04;1676;35931;36448;275;2938
RPF;WS1314;FB12;1926;42894;43383;281;3446
RPF;WS1314;FB03;1926;42894;43383;281;3446
RPF;WS1314;FB13;2034;42358;44423;297;2530
RPF;WS1314;FB14;2034;42358;44423;297;2530
RPF;WS1314;FB21;1796;44849;38824;297;2600
RPF;WS1314;FB07;1796;44849;38824;297;2600
RPF;WS1314;ZHD;2091;40223;43717;309;3063
SAA;WS1314;FB14;2184;38771;43877;309;2878
SAA;WS1314;FB02;2184;38771;43877;309;2878
SAA;WS1314;FB11;2184;38771;43877;309;2878
SAA;WS1314;FB04;1986;38621;37892;312;3196
SAA;WS1314;FB12;2223;39181;38623;312;3194
SAA;WS1314;FB03;2223;39181;38623;312;3194
SAA;WS1314;FB13;1722;42394;38071;294;2940
SAA;WS1314;FB14;1722;42394;38071;294;2940
SAA;WS1314;FB21;1722;42394;38071;294;2940
SAA;WS1314;FB07;2035;39890;41975;297;3189
SAA;WS1314;ZHD;2035;39890;41975;297;3189
SAC;WS1314;FB14;1788;41821;37427;280;3475
SAC;WS1314;FB02;1788;41821;37427;280;3475
SAC;WS1314;FB11;1788;41821;37427;280;3475
SAC;WS1314;FB04;2060;44563;37121;318;2608
SAC;WS1314;FB12;2060;44563;37121;318;2608
SAC;WS1314;FB03;1923;43131;39139;295;2724
SAC;WS1314;FB13;1923;43131;39139;295;2724
SAC;WS1314;FB14;1923;43131;39139;295;2724
SAC;WS1314;FB21;1735;39723;38693;294;3046
SAC;WS1314;FB07;1735;39723;38693;294;3046
SAC;WS1314;ZHD;2246;40437;37714;324;3207
SAN;WS1314;FB12;1930;44884;38787;314;3488
SAN;WS1314;FB13;1930;44884;38787;314;3488
SAN;WS1314;FB07;1875;44193;35879;288;3344
SAN;WS1314;ZHD;1875;44193;35879;288;3344
SHL;WS1314;FB14;1947;38215;42262;288;2953
SHL;WS1314;FB02;1947;38215;42262;288;2953
SHL;WS1314;FB12;1947;38215;42262;288;2953
SHL;WS1314;FB03;2091;44643;42566;297;3236
SHL;WS1314;FB13;2091;44643;42566;297;3236
SHL;WS1314;FB21;2091;44643;42566;297;3236
SHL;WS1314;FB07;2287;38927;35718;300;3298
SHL;WS1314;ZHD;2287;38927;35718;300;3298
THU;WS1314;FB14;1970;41195;43106;301;3259
THU;WS1314;FB02;1970;41195;43106;301;3259
THU;WS1314;FB11;2142;38294;35125;324;3147
THU;WS1314;FB04;2142;38294;35125;324;3147
THU;WS1314;FB12;1886;41891;40488;277;3213
THU;WS1314;FB03;1886;41891;40488;277;3213
THU;WS1314;FB13;1886;41891;40488;277;3213
THU;WS1314;FB14;2200;39732;36197;308;2811
THU;WS1314;FB21;2200;39732;36197;308;2811
THU;WS1314;FB07;2200;39732;36197;308;2811
THU;WS1314;ZHD;1659;42909;37003;319;2537
